company,city,state,territory,AE marketing,career page,url
Cleveland Gear,Cleveland,OH,Cleveland,,(paycom),https://www.clevelandgear.com/careers/
AmbaFlex,Cleveland,OH,Cleveland,,https://www.ambaflex.com/en/company#careers,https://careers.ambaflex.com/careers
EJ Group,South Euclid,OH,Cleveland,,,"https://recruiting.adp.com/srccar/public/RTI.home?c=1140441&d=External	"
Airgas - Cleveland,Radnor,PA,Cleveland,,https://www.airgas.com/careers,https://airliquidehr.wd3.myworkdayjobs.com/AirgasExternalCareer?Careers-link=true&locationRegionStateProvince=41493c81d9214eb190fd14067c7d974d
Alco Manufacturing,Elyria,OH,Cleveland,,https://www.alco.com/careers,https://recruitingbypaycor.com/career/CareerHome.action?clientId=8a7882675721d0e30157493f1d6d0bf1
ALL Aerials,Richfield,OH,Cleveland,,https://www.allcrane.com/company/careers,https://recruiting.ultipro.com/ALL1029AECR/JobBoard/c5f83fdd-506a-98af-7d40-8402b8c2a771/?q=&o=postedDateDesc
Alloy Engineering,Berea,OH,Cleveland,,"https://www.alloyengineering.com/career-opportunities/	","https://recruiting.paylocity.com/recruiting/jobs/All/3c61678b-fb6f-4c03-82b9-b63775fa8bc3/Alloy-Engineering-Co	"
Alloy Precision Technologies,Mentor,OH,Cleveland,,,https://secure.entertimeonline.com/ta/CBIZ20333.careers?CareersSearch
Altronic,Girard,OH,Cleveland,,https://www.altronic-llc.com/careers/,https://altronic.isolvedhire.com/jobs/
Andersen Material Handling,Twinsburg,OH,Cleveland,,"https://www.andersenmaterialhandling.com/about/material-handling-jobs/	","https://workforcenow.adp.com/mascsr/default/mdf/recruitment/recruitment.html?cid=6fb278e8-9782-4273-91b0-f254e98f5c81&ccId=19000101_000001&type=JS&lang=en_US	"
Applied Industrial Technologies - CLE,Cleveland,OH,Cleveland,,,https://jobs.applied.com/?_gl=1*6oro14*_ga*MTUxNTUyODU0My4xNjg5ODg2MTY0*_ga_ZT5EWHFHHL*MTY5MTYwOTM5Ni4zLjAuMTY5MTYwOTQwMy41My4wLjA.
Applied Maintenance Supplies & Solutions,Strongsville,OH,Cleveland,,,https://appliedmss.com/careers/
Arconic - Cleveland,Cleveland,OH,Cleveland,,https://www.arconic.com/joinus,https://hdnn.fa.us6.oraclecloud.com/hcmUI/CandidateExperience/en/sites/CX/requisitions?
ASG Jergens,Cleveland,OH,Cleveland,,"https://jergensinc.com/careers	","https://recruiting.paylocity.com/recruiting/jobs/All/7c3b3a6c-997d-4adf-a5dd-98f04209edb5/Jergens-Inc	"
B-TEK Scales,Canton,OH,Cleveland,,,"https://recruiting.paylocity.com/recruiting/jobs/All/c97b3245-7fe0-4e0e-b6b7-211d40d7a8a8/Brechbuhler-Scales-Inc	"
Barry-Wehmiller - Cleveland,Cuyahoga Falls,OH,Cleveland,,https://www.barrywehmiller.com/careers,https://barrywehmiller.wd1.myworkdayjobs.com/BWCareers?q=corporate
Bettcher Industries,Birmingham,OH,Cleveland,,https://www.bettcher.com/utility-navigation/careers,https://recruiting.ultipro.com/BET1004BETIN/JobBoard/8adef0ca-1e18-4acc-9274-130547589e57/?q=&o=postedDateDesc
Bollor,Middleburg Heights,OH,Cleveland,,,https://bollore-transport-logistics-recrute.talent-soft.com/homepage.aspx?LCID=1033
Canton Elevator,Canton,OH,Cleveland,,https://acim.nidec.com/elevators/about-us/careers,https://nidec.wd1.myworkdayjobs.com/en-US/Nidec
Castolin Eutectic,Menomonee Falls,WI,Cleveland,,,https://castolin.recruitee.com/
CC-EFI,Westlake,OH,Cleveland,,,https://www.cc-efi.com/company-info/career-options/
Clampco Products,Wadsworth,OH,Cleveland,,"https://www.clampco.com/careers/	","https://workforcenow.adp.com/mascsr/default/mdf/recruitment/recruitment.html?cid=c5c2628b-0805-4cf9-934d-cf3860beebb0&ccId=19000101_000001&lang=en_US	"
Cleveland-Cliffs (was AK Steel Corporation),Cleveland,OH,Cleveland,,https://careers.clevelandcliffs.com/,https://careers.clevelandcliffs.com/job-search-results/
CLIMAX Manufacturing,Wadsworth,OH,Cleveland,,"https://www.climaxportable.com/about-us/careers/	","https://workforcenow.adp.com/mascsr/default/mdf/recruitment/recruitment.html?cid=a4823ed0-8730-41d5-91b7-d96370881b25&ccId=19000101_000001&type=MP&lang=en_US	"
Cometic Gasket,Concord,OH,Cleveland,,(paycor),https://www.cometic.com/employment
Compass Systems and Sales,Barberton,OH,Cleveland,,,https://recruitingbypaycor.com/career/CareerHome.action?clientId=8a788267568c830a01569555e58303ff
Component Repair Technologies,Mentor,OH,Cleveland,,https://componentrepair.com/join-us/,https://jobs.lever.co/componentrepairtechnologies/
Coventya,Brooklyn Heights,OH,Cleveland,,https://www.coventya.com/us/career/,https://careers.elementsolutionsinc.com/go/MacDermid-Enthone-Industrial-Solutions/8851100/
Covert Manufacturing,Galion,OH,Cleveland,, Inc.,https://www.covertmfg.com/careers
Crane Pumps & Systems,Piqua,OH,Cleveland,,,https://phf.tbe.taleo.net/phf01/ats/careers/v2/jobSearch?act=redirectCwsV2&cws=57&org=CRANEAE
Cutting Dynamics,Avon,OH,Cleveland,,,https://boards.greenhouse.io/rebuildmanufacturing
Cyient,Barberton,OH,Cleveland,,https://www.cyient.careers/,https://cyient.wd3.myworkdayjobs.com/careers
Dearing Compressor & Pump,Youngstown,OH,Cleveland,,https://www.dearingcomp.com/careers/,https://dearingcompressor.applytojob.com
Delta ModTech - CLE,Cleveland,OH,Cleveland,,"https://www.deltamodtech.com/blog/category/delta-careers/	","https://workforcenow.adp.com/mascsr/default/mdf/recruitment/recruitment.html?cid=8a2ea939-ef73-49a7-afa8-07dae411b0f8&ccId=9151309879676_1156&type=MP&lang=en_US	"
DSTI: Dynamic Sealing Technologies - CLE,Cleveland,OH,Cleveland,,https://careers.dsti.com/,https://dsti.applicantpro.com/jobs/
DuPont - Cleveland,Cleveland,OH,Cleveland,,,https://careers.dupont.com/us/en
East End Welding,Brimfield,OH,Cleveland,,"https://eastendwelding.com/careers-2/	","https://workforcenow.adp.com/mascsr/default/mdf/recruitment/recruitment.html?cid=19de40c0-64b0-4c4f-904d-3328549b48f9&ccId=19000101_000001&lang=en_US	"
Eaton - Cleveland,Cleveland,OH,Cleveland,,https://www.eaton.com/us/en-us/company/careers.html,https://eaton.eightfold.ai/careers?location=St%20Louis%2C%20Missouri%2C%20US&pid=687213713226&domain=eaton.com&sort_by=relevance
Emerson Corporation - Cleveland,Cleveland,OH,Cleveland,,https://www.emerson.com/en-us/careers,https://hdjq.fa.us2.oraclecloud.com/hcmUI/CandidateExperience/en/sites/CX_1/requisitions
Enprotech Industrial Technologies,Cleveland,OH,Cleveland,,https://www.enprotech.com/careers/,https://www.enprotech.com/careers/#current-openings
ERIKS North America - CLE,Brooklyn Heights,PA,Cleveland,,https://www.eriksna.com/careers/,https://hrsystem.wd1.myworkdayjobs.com/Careers
EthosEnergy - CLE,Cleveland,OH,Cleveland,,,https://careers.ethosenergy.com/careers
Euclid Heat Treating Co.,Cleveland,OH,Cleveland,,,"https://workforcenow.adp.com/mascsr/default/mdf/recruitment/recruitment.html?cid=2a7342ec-34aa-4ce5-b51d-05819b051f56&ccId=19000101_000001&lang=en_US	"
Fenner Dunlop Americas,Port Clinton,OH,Cleveland,,,https://recruiting.ultipro.com/FEN1002FADL/JobBoard/d9e29285-a8af-474d-b725-9194f533cd42/?q=&o=postedDateDesc&w=&wc=&we=&wpst=
Ferrous Processing & Trading,Cleveland,OH,Cleveland,,https://www.fptscrap.com/careers/,https://careers.clevelandcliffs.com/job-search-results/?keyword=FPT
Flambeau,Wadsworth,OH,Cleveland,,https://www.flambeau.com/corporate-information/careers/,https://secure4.saashr.com/ta/6027311.careers?CareersSearch
Fontaine Modification,Springfield,OH,Cleveland,,https://fontainemodification.com/about-us/careers/,https://marmon.wd5.myworkdayjobs.com/Marmon_Careers?q=fontaine+modification
Fusion Incorporated,Willoughby,OH,Cleveland,,"https://www.fusion-inc.com/careers/	","https://workforcenow.adp.com/mascsr/default/mdf/recruitment/recruitment.html?cid=57c79741-68c0-43e1-becf-62c79933bf4c&ccId=19000101_000001&source=CC2&lang=en_US&selectedMenuKey=CareerCenter	"
"Geartec, Inc.",Willoughby,OH,Cleveland,,,"https://workforcenow.adp.com/mascsr/default/mdf/recruitment/recruitment.html?cid=887f5b52-abcd-4731-9ee0-ced532545e98&ccId=9200102156386_2&lang=en_US	"
GED Integrated Solutions,Glenwillow,OH,Cleveland,,"https://gedusa.com/careers/	","https://recruiting.paylocity.com/Recruiting/Jobs/All/da2560e9-fb4e-44a7-90ad-aa1b52e86e65/GED-Integrated-Solutions-Inc	"
Gibson Machinery,Bedford,OH,Cleveland,,https://www.altg.com/career,https://us241.dayforcehcm.com/CandidatePortal/en-US/altg/
Girard Machine,Girard,OH,Cleveland,,"https://www.morganengineering.com/careers/	","https://workforcenow.adp.com/mascsr/default/mdf/recruitment/recruitment.html?cid=36c4afe8-91ab-4345-a4bf-5dfcafa802e7&ccId=19000101_000001&lang=en_US	"
Great Lakes Industrial Knife,Akron,OH,Cleveland,,,https://recruitingbypaycor.com/career/CareerHome.action?clientId=8a7883c6800617450180281248fd0c47
Greenbridge,Cleveland,OH,Cleveland,,"https://www.greenbridge.com/careers/	","https://recruiting.paylocity.com/recruiting/jobs/All/f637bfc2-436f-4790-b743-fc33a391c970/Polychem-Corporation?location=All%20Locations&department=All%20Departments	"
Haas Automation,Twinsburg,OH,Cleveland,,https://www.haascnc.com/about/careers.html,https://www.paycomonline.net/v4/ats/web.php/jobs?clientkey=D30AA53E68D47C00010BA94FEF731F65.html
HD Supply - Cleveland,Cleveland,OH,Cleveland,,https://hdsupply.jobs/us/en,https://hdsupply.wd1.myworkdayjobs.com/External/
HGR INDUSTRIAL SURPLUS,Euclid,OH,Cleveland,,"https://hgrinc.com/work-for-hgr/	","https://recruiting.paylocity.com/recruiting/jobs/All/6ef62fc5-1798-4490-b0a3-e58917157b1d/HGR-Industrial-Surplus	"
Hodell-Natco Industries,Cleveland,OH,Cleveland,,https://www.hodell-natco.com/careers-culture/,https://www.paycomonline.net/v4/ats/web.php/jobs?clientkey=54B231C0B04B17C60FAB4B4CB74A0BD3
Horizons Incorporated,Cleveland,OH,Cleveland,,(paycom),https://horizons-inc.com/jobs
Horsburgh & Scott,Cleveland,OH,Cleveland,,https://www.horsburgh-scott.com/careers/,https://recruitingbypaycor.com/career/CareerHome.action?clientId=8a7883d08e6803ea018e808cdfe8050e
Hose Master,Cleveland,OH,Cleveland,,https://www.hosemaster.com/careers/,https://www.irecruit-us.com/index.php?OrgID=I20220501&R=Y
Hunt Valve,Salem,OH,Cleveland,,https://www.fairbanksmorse.com/careers,https://us241.dayforcehcm.com/CandidatePortal/en-US/fairbanksmorse
Hyson,Brecksville,OH,Cleveland,,https://www.onebarnes.com/careers/,https://recruiting.ultipro.com/BAR1005BGI/JobBoard/ff46b34e-c0ce-4e3c-adbb-8bf890b80d89/?q=&o=postedDateDesc&w=&wc=&we=&wpst=&f4=h6J4AB7mIVWWaQyAGIHMMA+jB1ipNSKHFOxtMlS30gN1Q
Hyster-Yale Materials Handling,Cleveland,OH,Cleveland,,https://hyster-yalecareers.com/,https://hysteryale.wd1.myworkdayjobs.com/Hyster-YaleCareers
IMCD,Westlake,OH,Cleveland,,https://www.imcdgroup.com/en/careers,https://imcdgroup.csod.com/ux/ats/careersite/6/home?c=imcdgroup
Industrial Profile Systems Inc.,Akron,OH,Cleveland,,"https://www.industrialprofile.com/careers/	","https://workforcenow.adp.com/mascsr/default/mdf/recruitment/recruitment.html?cid=c5d9ca73-0f24-4399-bc68-4de2355571b8&ccId=9200077950534_2&lang=en_US	"
Integrity Energy,Cleveland,OH,Cleveland,,"https://www.integrityenergy.com/careers/	","https://workforcenow.adp.com/mascsr/default/mdf/recruitment/recruitment.html?cid=fd8d1ad7-1488-43b0-92ec-4c93d226b39c&ccId=19000101_000001&type=JS&lang=en_US&selectedMenuKey=CurrentOpenings	"
JBC Technologies,North Ridgeville,OH,Cleveland,,(paycom),https://www.jbc-tech.com/careers/
Jergens,Cleveland,OH,Cleveland,,"https://www.jergensinc.com/careers	","https://recruiting.paylocity.com/recruiting/jobs/All/7c3b3a6c-997d-4adf-a5dd-98f04209edb5/Jergens-Inc	"
JLG Industries,Mc Connellsburg,PA,Cleveland,,https://www.jlg.com/en/about-jlg/careers,https://oshkoshcorporation.wd5.myworkdayjobs.com/Oshkosh?q=JLG
JM JENNMAR,South Point,OH,Cleveland,,"https://www.jennmar.com/careers	","https://workforcenow.adp.com/mascsr/default/mdf/recruitment/recruitment.html?cid=f7a73319-4c4e-43f3-9c47-1eeabefff22d&ccId=19000101_000001&type=JS&lang=en_US&selectedMenuKey=CareerCenter	"
John Deere - Cleveland,Cleveland,OH,Cleveland,,https://www.deere.com/en/our-company/john-deere-careers/,https://john-deere.stratasjobs.com/?rr_p=192
Koch-Glitsch,Canton,OH,Cleveland,,https://jobs.kochcareers.com/koch-engineered-solutions,https://koch.avature.net/en_US/careers/SearchJobs/?954=%5B337261%5D&954_format=6171&listFilterMode=1&jobRecordsPerPage=6&
KYOCERA SGS Precision Tools,Cuyahoga Falls,OH,Cleveland,,https://www.kyocera-sgstool.com/about/careers,https://secure3.entertimeonline.com/ta/6070986.careers?rnd=YKC&%40rtm=1&JobsSearch=1
Linde Hydraulics,Canfield,OH,Cleveland,,https://www.linde-hydraulics.com/us/career/,https://linde-hydraulics.softgarden.io/de/vacancies
LNS America,Cincinnati,OH,Cleveland,,https://lns-northamerica.com/careers/,https://www2.appone.com/Search/Search.aspx?ServerVar=LNSAmericaINC.appone.com&results=yes
M. Brashem,Cleveland,OH,Cleveland,,"https://workforcenow.adp.com/mascsr/default/mdf/recruitment/recruitment.html?cid=ab8d58ec-a95a-4e12-8e3e-4c0779e2411c&ccId=19000101_000001&lang=en_US	","https://workforcenow.adp.com/mascsr/default/mdf/recruitment/recruitment.html?cid=ab8d58ec-a95a-4e12-8e3e-4c0779e2411c&ccId=19000101_000001&lang=en_US	"
M. K. Morse,Canton,OH,Cleveland,,"https://www.mkmorse.com/careers/	","https://workforcenow.adp.com/mascsr/default/mdf/recruitment/recruitment.html?cid=8b262815-cf55-4dce-9664-9899469104b7&ccId=19000101_000001&lang=en_US	"
Mach3 Machining,Cuyahoga Falls,OH,Cleveland,,"https://mach3machining.com/careers	","https://recruiting.paylocity.com/recruiting/jobs/All/3c61678b-fb6f-4c03-82b9-b63775fa8bc3/Alloy-Engineering-Co	"
Malco - Cleveland,Cleveland,OH,Cleveland,,https://www.malcoproducts.com/careers/,https://recruiting2.ultipro.com/MAL1001MALC/JobBoard/b1da018e-e54d-4228-aa0c-56eabff1e364/?q=&o=postedDateDesc
MarmonKeystone,Butler,PA,Cleveland,,https://www.marmonkeystone.com/careers,https://marmon.wd5.myworkdayjobs.com/en-US/Marmon_Careers/jobs?Group=f2111d18d70f01484d92c5e3f401f04a
Maxcess International - Cleveland,Valley View,OH,Cleveland,,https://www.maxcessintl.com/careers/,https://maxcessintl.csod.com/ux/ats/careersite/4/home?c=maxcessintl
Mechanical Dynamics & Analysis,Euclid,OH,Cleveland,,"https://www.mdaturbines.com/careers/	","https://recruiting.paylocity.com/recruiting/jobs/All/f9105a39-64f4-4688-8338-c28b70228bfb/MECHANICAL-DYNAMICS-ANALYSIS-LLC	"
Meyer Products,Cleveland,OH,Cleveland,,https://www.meyerproducts.com/header-nav/employment,https://recruitingbypaycor.com/career/CareerHome.action?clientId=8a7883c681b199c90182032bd52b259b
Mid-West Forge,Cleveland,OH,Cleveland,,,https://mid-westforge.com/employment/
Miller Weldmaster,Navarre,OH,Cleveland,,"https://www.weldmaster.com/careers	","https://workforcenow.adp.com/mascsr/default/mdf/recruitment/recruitment.html?cid=65d2f62b-0442-465c-bd63-548526d71da7&ccId=19000101_000001&type=JS&lang=en_US&__hstc=18451302.0c055b3b2c2d152a0c1a57e49b0e1b71.1718374617451.1718374617451.1718374617451.1&__hssc=&hsCtaTracking=0eac09b3-c695-47cd-9974-41a4ebf6ecfe%7C2dc02d39-6fd8-4c6c-a29b-07ebb2a8f7bf	"
"Morbark, LLC. (a.k.a Rayco Mfg, Inc.)",Wooster,OH,Cleveland,,,"https://recruiting.adp.com/srccar/public/RTI.home?_fromPublish=true&c=1054041&d=RaycoCareerCenter#/	"
Morgan Engineering,Alliance,OH,Cleveland,,"https://www.morganengineering.com/careers/	","https://workforcenow.adp.com/mascsr/default/mdf/recruitment/recruitment.html?cid=36c4afe8-91ab-4345-a4bf-5dfcafa802e7&ccId=19000101_000001&lang=en_US	"
MPC Plating Inc,Brooklyn,OH,Cleveland,,,"https://workforcenow.adp.com/mascsr/default/mdf/recruitment/recruitment.html?cid=3f09c222-ae6d-4926-9b4a-c93bb8328fa3&ccId=19000101_000001&type=JS&lang=en_US01_000001&type=JS&lang=en_US	"
MSC Industrial Supply - Cleveland,Cleveland,OH,Cleveland,,https://jobs.mscdirect.com/?utm_source=careersite&utm_campaign=corporatesite,https://mscdirect-jobs.dzconnex.com/#/jobs
MUM Industries Inc.,Mentor,OH,Cleveland,,(paycom),https://www.mumindustries.com/culture-careers/
National Oilwell Varco,Canton,OH,Cleveland,,https://www.nov.com/careers,https://egay.fa.us6.oraclecloud.com/hcmUI/CandidateExperience/en/sites/CX_2001/requisitions
Nexus Engineering Group,Cleveland,OH,Cleveland,,https://nexusegroup.com/careers,https://nexusegroup.com/careers/opportunities
NOOK Industries,Cleveland,OH,Cleveland,,"https://www.nookindustries.com/about-us/careers/	","https://workforcenow.adp.com/mascsr/default/mdf/recruitment/recruitment.html?cid=cd2cd817-5ac1-4091-8bb6-8e9279321eba&ccld-19000101_000001&type=JS&lang=en_US	"
Novagard,Cleveland,OH,Cleveland,,(paycor),https://novagard.com/careers/
Oatey,Cleveland,OH,Cleveland,,https://careers.oatey.com/,https://wd5.myworkdaysite.com/recruiting/oatey/Oatey_External_/
Ohio Gratings,Canton,OH,Cleveland,,https://www.ohiogratings.com/careers/,https://recruiting.ultipro.com/OHI1001OHIOG/JobBoard/c6fb195f-0a40-4768-b35a-5888f9d5ae92/?q=&o=postedDateDesc
Ohio Magnetics,Maple Heights,OH,Cleveland,,,"https://workforcenow.adp.com/mascsr/default/mdf/recruitment/recruitment.html?cid=4547a279-92be-4f71-9676-d4a7f4791677&ccId=9200508216277_2&lang=en_US	"
Pentair - OH,Chardon,OH,Cleveland,,https://www.pentair.com/en-us/about-pentair/careers.html,https://pentair.wd5.myworkdayjobs.com/Pentair_Careers
Pneumatic Scale Angelus,Stow,OH,Cleveland,,https://www.psangelus.com/about-us/careers,https://barrywehmiller.wd1.myworkdayjobs.com/BWCareers?q=Pneumatic+Scale+Angelus
Princeton Tool,Mentor,OH,Cleveland,,"https://princetontool.com/careers/	","https://recruiting.paylocity.com/recruiting/jobs/All/3580d090-b7ce-42c8-864d-9115d8c74817/PRINCETON-TOOL-INC	"
QP Manufacturing,Chardon,OH,Cleveland,,,https://qpmfg.isolvedhire.com/jobs/
R W SCREW PRODUCTS,Massillon,OH,Cleveland,,,https://www.rwscrew.com/careers/
Ramco Specialties,Hudson,OH,Cleveland,,https://ramcospecialties.com/careers/,https://www.paycomonline.net/v4/ats/web.php/jobs?clientkey=3C8900B6820FAC1C1B1BC2DCCD14215D
Republic Steel,Canton,OH,Cleveland,,,https://recruiting.ultipro.com/REP1002REP/JobBoard/d9db19dd-6986-437a-af04-a3b85a72d680/?q=&o=postedDateDesc
Rexnord - Cleveland,Twinsburg,OH,Cleveland,,https://www.regalrexnord.com/about-regal/careers,https://regalrexnord.wd1.myworkdayjobs.com/Careers
RICO Equipment,Medina,OH,Cleveland,,https://ricoequipment.com/careers-2/,https://ricoequipment.applicantpro.com/jobs/
Ryerson - CLE,Stow,OH,Cleveland,,,https://www.ryerson.com/ourcompany/careers
S&B Metal Products,Twinsburg,OH,Cleveland,,"https://www.sbmetal.com/career-opportunities/	","https://recruiting.paylocity.com/recruiting/jobs/All/d45c8e15-af49-4709-9f3d-1b4990971f0d/GROUP-ONE-LLC	"
Schneller,Kent,OH,Cleveland,,"https://www.schneller.com/careers	","https://recruiting.adp.com/srccar/public/RTI.home?c=2173007&d=Schneller&__hstc=&__hssc=&hsCtaTracking=b67d0b50-4b84-4358-b019-c90c4a7a710a%7C07a9dc09-9e43-4ea6-b6d7-cec23cd07688	"
Selas Heat Technology,Streetsboro,OH,Cleveland,,https://www.selas.com/about/careers/,https://selas.isolvedhire.com/jobs/
SES Engineering,Alliance,OH,Cleveland,,"https://seseng.com/careers/careers.html	","https://workforcenow.adp.com/mascsr/default/mdf/recruitment/recruitment.html?cid=eb713ced-0670-4dae-bb6e-33a18714297d&ccId=19000101_000001&type=MP&lang=en_US	"
SFS Group - Cleveland,Medina,OH,Cleveland,,"https://us.sfs.com/careers	","https://workforcenow.adp.com/mascsr/default/mdf/recruitment/recruitment.html?cid=76bf03e0-75ea-45b0-9f95-64c5b1a80fd7&ccId=19000101_000001&type=MP&lang=en_US	"
Simbionix,Cleveland,OH,Cleveland,,,https://simbionix.com/company/job-opportunities/
SKF - Cleveland,Highland Heights,OH,Cleveland,,,https://skf-jobs.dzconnex.com/#/jobs
Skylift,Lorain,OH,Cleveland,,"https://www.skyliftus.com/careers	","https://recruiting.paylocity.com/recruiting/jobs/All/56bd3ddf-4d76-4696-999e-a99e74825ce8/Sky-Lift-Inc	"
Spartronics,Strongsville,OH,Cleveland,,"https://www.spartronics.com/about/careers	","https://www.spartronics.com/about/careers/current-job-openings	"
SSP,Twinsburg,OH,Cleveland,,https://www.myssp.com/careers,https://secure6.saashr.com/ta/6173336.careers?CareersSearch
STAHL,Wooster,OH,Cleveland,,,https://stahltruckbodies.com/careers/
STANLEY Engineered Fastening - Cleveland,Cleveland,OH,Cleveland,,https://www.stanleyengineeredfastening.com/en/About-Us/Careers,https://sbdinc.wd1.myworkdayjobs.com/Stanley_Black_Decker_Career_Site
STANLEY Infrastructure,Akron,OH,Cleveland,,http://www.stanleyblackanddecker.com/careers,https://sbdinc.wd1.myworkdayjobs.com/Stanley_Black_Decker_Career_Site
Steven Douglas Corp,Newbury,OH,Cleveland,,"https://sdcautomation.com/about-sdc/join-our-team/	","https://recruiting.paylocity.com/recruiting/jobs/All/685eea51-28d3-4b02-b9bb-3ac7bf5cb64c/Steven-Douglas-Corp	"
Stone Products,Canton,OH,Cleveland,,,https://www.beaverexcavating.com/careers/
Struers,Westlake,OH,Cleveland,,,https://recruiting.ultipro.com/ROP1002RIPIC/JobBoard/c90ba72c-379b-4938-8b3b-98703d45c637/?q=&o=postedDateDesc
Terex Corporation - Cleveland,Medina,OH,Cleveland,,https://www.terex.com/en/careers,https://terex.wd1.myworkdayjobs.com/terexcareers
TerraSource Global,Cuyahoga Falls,OH,Cleveland,,,https://terrasourceglobal.aaimtrack.com/jobs/
The Ferry Cap & Set Screw,Lakewood,OH,Cleveland,,https://www.stanleyengineeredfastening.com/en/About-Us/Careers,https://sbdinc.wd1.myworkdayjobs.com/Stanley_Black_Decker_Career_Site
The Slabe Machine Products,Willoughby,OH,Cleveland,,https://www.slabemachine.com/careers.html,https://slabemachine.pinpointhq.com
The Will-Burt Company,Orrville,OH,Cleveland,,,https://recruiting.ultipro.com/WIL1029WIBO/JobBoard/76cd0ebd-a8b9-45cd-a6dc-e5bd6dad42a5/?q=&o=postedDateDesc
TWB (Worthington Industries),Valley City,OH,Cleveland,,,https://cbdt.fa.us2.oraclecloud.com/hcmUI/CandidateExperience/en/sites/WorthingtonSteelCareers
Tylok International,Euclid,OH,Cleveland,,,https://tylok.isolvedhire.com/jobs
USNR,Painesville,OH,Cleveland,,https://www.usnr.com/en/page/careers?dt=1,https://woodtech.rec.pro.ukg.net/VEC1002MIDCO/JobBoard/0e81673e-c740-4862-8d4c-d5c670fd46b9/?q=&o=postedDateDesc&w=&wc=&we=&wpst=
Valley Industrial Trucks,Youngstown,OH,Cleveland,,https://valleyindustrialtrucks.com/jobs/,https://valleyindustrialtrucks.com/employment-opportunities-at-valley-industrial-trucks/
Ventrac,Orrville,OH,Cleveland,,https://www.ventrac.com/contact/career,https://ttc.wd1.myworkdayjobs.com/Toro_External_Careers/
Viking Forge,Streetsboro,OH,Cleveland,,,https://www.viking-forge.com/careers-at-viking-forge/
WARDJet,Tallmadge,OH,Cleveland,,,https://recruiting.ultipro.ca/AXY5000AXYZ
Watts Water Technologies,Groveport,OH,Cleveland,,https://www.watts.com/careers,https://wattswater.wd5.myworkdayjobs.com/External
Welbilt - Manitowoc Foodservice,Cleveland,OH,Cleveland,,,https://hcqd.fa.us1.oraclecloud.com/hcmUI/CandidateExperience/en/sites/CX_1/
Wesco International - Cleveland,Cleveland,OH,Cleveland,,https://www.wesco.com/us/en/our-company/careers.html,https://egay.fa.us6.oraclecloud.com/hcmUI/CandidateExperience/en/sites/CX_2001/requisitions?lastSelectedFacet=LOCATIONS&selectedLocationsFacet=300000000229164
Western Branch Diesel,Canton,OH,Cleveland,,"https://www.westernbranchdiesel.com/careers-with-western-branch-diesel/	","https://workforcenow.adp.com/mascsr/default/mdf/recruitment/recruitment.html?cid=06ac6923-7485-4dbc-af8c-2d543fd02bde&ccId=19000101_000001&type=MP&lang=en_US&hsCtaTracking=2b621a37-495a-47d0-adef-33f1ccede4d1%7C82a4c676-1dc8-4eaf-8576-f778a3a8a9ff&selectedMenuKey=CareerCenter	"
Western Enterprises,Westlake,OH,Cleveland,,"https://westernenterprises.com/careers/	","https://workforcenow.adp.com/mascsr/default/mdf/recruitment/recruitment.html?cid=82416632-9bae-4a55-bfff-c0b6e9d11c8e&ccId=19000101_000001&lang=en_US	"
Western/Scott Fetzer,Westlake,OH,Cleveland,,"https://westernenterprises.com/careers/	","https://workforcenow.adp.com/mascsr/default/mdf/recruitment/recruitment.html?cid=82416632-9bae-4a55-bfff-c0b6e9d11c8e&ccId=19000101_000001&lang=en_US	"
Wikipedia,Independence,OH,Cleveland,,wikiwiki,https://en.wikipedia.org/wiki/Main_Page
Wls Stamping,Cleveland,OH,Cleveland,,,"https://recruiting.paylocity.com/recruiting/jobs/All/3440c770-3252-4879-ae96-0e9a4985ec6e/WLS-Companies	"
WTWH Media,Cleveland,OH,Cleveland,,,"https://recruiting.paylocity.com/recruiting/jobs/All/eafe32b7-57a8-48ce-82e0-880033997e21/Design-World-LLC	"
YESCO,Solon,OH,Cleveland,,https://www.yesco.com/career/,https://yesco.wd1.myworkdayjobs.com/External
Youngstown Tool & Die,Youngstown,OH,Cleveland,,,https://www.applicantpro.com/openings/youngstowntool/jobs
AuguStar Life / Ohio National Life,Cincinnati,OH,,,https://www.constellationinsurance.com/sites/public/default/CAREERS/Corporate-careers,https://recruiting.adp.com/srccar/public/RTI.home?c=1168051&d=ExternalCareerSite
Bank of Utah,Ogden,UT,,,https://www.bankofutah.com/careers,https://recruiting2.ultipro.com/BAN1021BKUT/JobBoard/04aadaa1-b755-4879-8cc7-bd61facc7e44/?q=&o=postedDateDesc
illumifin,Eden Prairie,MN,,,https://www.illumifin.com/careers/?_gl=1*8tw2xt*_up*MQ..*_ga*NjY4MDYwMjgwLjE3MDQyMzI4NDU.*_ga_WCJ6LE1F5E*MTcwNDIzMjg0NS4xLjAuMTcwNDIzMjg0NS4wLjAuMA..,https://recruiting.adp.com/srccar/public/RTI.home?d=ExternalCareerSite&_icx=v02ylaEanx0_xQCv2j8RvQnPCBrARbHyQ3LYKuA7TAoOqCHG%2FAyl%2F4%2FYcw0c4UszRoZ&c=1068741&_dissimuloSSO=3I7zc_kwoS8:K4okTK5Ao9dgESUY1olgKrPYuzs
The Accel Group,Cedar Rapids,IA,,,,https://recruiting.paylocity.com/Recruiting/Jobs/All/3fe14e7b-8843-4244-9269-d7577d91c679/ACCEL-HOLDINGS-INC
wellabe,Des Moines,IA,,,https://www.wellabe.com/join,https://recruiting.ultipro.com/AME1065/JobBoard/cdfdf806-e3aa-dfb4-4c6e-c7c656217b40/?q=&o=postedDateDesc
SitelogIQ,Minneapolis,MN,,,https://www.sitelogiq.com/careers/,https://recruiting2.ultipro.com/SIT1001SILQ/JobBoard/6a77286d-3477-45d7-9461-715b965f604c/?q=&o=postedDateDesc&w=&wc=&we=&wpst=
Harris,Saint Paul,MN,,,https://www.harriscompany.com/careers,https://recruiting2.ultipro.com/ONE1016OHINC/JobBoard/71350453-e4a5-4859-b196-5d0c56c9190e/?q=&o=postedDateDesc&w=&wc=&we=&wpst=
Knobelsdorff Electric,Goodhue,MN,,,https://knobelsdorffenterprises.com/careers/,https://keway.bamboohr.com/careers
Alston Construction - Phoenix,Phoenix,AZ,,,,https://alstonco.com/careers/careers-3/view-our-openings/
B&F Contracting,Phoenix,AZ,,,https://bfcontracting.com/join-the-team/,https://bfcontracting.com/job-search/
BRYCON Construction,Phoenix,AZ,,,https://brycon.com/careers/,https://brycon.rec.pro.ukg.net/BRY1004BRYC/JobBoard/0046bda3-9a27-4c2a-8d4a-5666fe63c63a/?q=&o=postedDateDesc&f5=37-s39pHDkWoRJG-64Qu3A
Ryan - AZ,Phoenix,AZ,,,https://careers.ryancompanies.com/?_gl=1*qlkruq*_ga*MTA2OTcyMDIxMi4xNzAyNDc2OTc1*_ga_EW62K69J48*MTcwMjQ3Njk3NC4xLjEuMTcwMjQ3NzAwOC4yNi4wLjA.,https://ryancompanies.wd5.myworkdayjobs.com/ryancompanies
Fleming Complete,Phoenix,AZ,,,,https://fleming.isolvedhire.com/jobs/
FNF Construction - CIVIL,Phoenix,AZ,,,,https://fnfinc.applicantpro.com/jobs/
Granite Construction - AZ,Tucson,AZ,,,,https://granite.wd1.myworkdayjobs.com/careers
HKS - Non Construction,Phoenix,AZ,,,,https://hksinc.wd5.myworkdayjobs.com/HKSCareers
IDM Companies,Phoenix,AZ,,,https://idmcompanies.wd1.myworkdayjobs.com/idmexternalcareersite,https://idmcompanies.wd1.myworkdayjobs.com/idmexternalcareersite
Jones Lang LaSalle - AZ,Phoenix,AZ,,,,https://jll.wd1.myworkdayjobs.com/jllcareers
JE Dunn Construction - AZ,Tempe,AZ,,,https://jobs.jedunn.com/search/?createNewAlert=false&q=&locationsearch=&optionsFacetsDD_customfield1=,https://jobs.jedunn.com/search/?createNewAlert=false&q=&locationsearch=&optionsFacetsDD_customfield1=
Jokake Construction,Phoenix,AZ,,,https://jokake.com/careers/,https://jokake.com/careers/
Lincoln Ventures - PHX,Phoenix,AZ,,,https://lvcollective.com/careers/,https://lvcollective.com/careers/
Mill Creek Residential Trust - AZ,Phoenix,AZ,,,,https://mcrtrust.wd1.myworkdayjobs.com/Mill_Creek_Careers
Path Construction,Phoenix,AZ,,,https://pathcc.com/careers/open-positions/,https://apply.workable.com/path-construction/
Tutor Perini - AZ,Phoenix,AZ,,,,https://phe.tbe.taleo.net/phe01/ats/careers/v2/jobSearch?act=redirectCwsV2&cws=39&org=TUTORPERINI
EMJ - AZ,Phoenix,AZ,,,,https://phg.tbe.taleo.net/phg02/ats/careers/v2/searchResults?org=EMJCORP&cws=43
PMA Consultants - PHX,Scottsdale,AZ,,,https://pmaconsultants.com/current-openings/,https://jobs.lever.co/pmaconsultants
Prologis - AZ,Phoenix,AZ,,,,https://prologis.wd5.myworkdayjobs.com/Prologis_External_Careers
QTS - AZ,Phoenix,AZ,,,,https://qtsdatacenters.wd5.myworkdayjobs.com/qts
ATI,Phoenix,AZ,,,,https://recruiting.adp.com/srccar/public/RTI.home?c=2193131&d=ExternalCareerSite
McShane Construction - AZ,Scottsdale,AZ,,,,https://recruiting.paylocity.com/recruiting/jobs/All/4755b52f-fefe-48b7-9578-93f1453ded56/McShane-Construction-Company-LLC
Conor Commercial Real Estate,Scottsdale,AZ,,,,https://recruiting.paylocity.com/recruiting/jobs/All/c697927c-7c1c-414f-9625-61d1d92da0fc/Conor-Commercial-Real-Estate-LLC
Clune Construction - PHX,Phoenix,AZ,,,,https://recruiting.paylocity.com/Recruiting/Jobs/All/f1652500-a1f8-4144-a2b7-2fab141f9e39/Clune-Construction-Company
C&S Companies,Scottsdale,AZ,,,,https://recruiting.ultipro.com/CSW1000CSW/JobBoard/a28104d0-e4aa-4542-a43a-9af707a10bb0/?q=&o=postedDateDesc
Pulice Construction,Phoenix,AZ,,,,https://recruiting.ultipro.com/DRA1001DRAGA/JobBoard/acd99820-2696-473d-acfa-a4e35cc9ae2f/?q=&o=postedDateDesc
Alliance Residential - AZ,Phoenix,AZ,,,,https://recruiting2.ultipro.com/ALL1030ARLLC/JobBoard/0f77d25b-50b8-495d-84cb-21e450af04b6/?q=&o=postedDateDesc&w=&wc=&we=&wpst=
Austin Industries - AZ,Phoenix,AZ,,,,https://recruiting2.ultipro.com/AUS1003AUIN/JobBoard/611d5a38-76c4-4f66-a55f-2bc012d98024/?q=&o=postedDateDesc&w=&wc=&we=&wpst=
Big-D Construction,Tempe,AZ,,,,https://recruiting2.ultipro.com/BIG1005BGDC/JobBoard/a1b85713-c4d6-4da4-98fa-9080a291bd18/?q=&o=postedDateDesc&w=&wc=&we=&wpst=
Hensel Phelps - AZ,Phoenix,AZ,,,,https://recruiting2.ultipro.com/HEN1009HPCC/JobBoard/b27ab828-18a9-4f10-8ee1-8259de6c9e73/?q=&o=postedDateDesc
Macerich,Phoeniz,AZ,,,,https://recruiting2.ultipro.com/MAC1009MAMAC/JobBoard/64246f31-2c48-4e66-bd76-9cef6ad5e980/?q=&o=postedDateDesc&w=&wc=&we=&wpst=
Pb Bell Companies,Scottsdale,AZ,,,,https://recruiting2.ultipro.com/PBB1000PBBA/JobBoard/2863c57d-eca0-4a18-a641-884777ad1581/?q=&o=postedDateDesc&w=&wc=&we=&wpst=
Gorman & Company,Phoenix,AZ,,,,https://recruitingbypaycor.com/career/CareerHome.action?clientId=8a7883c66e1f22fa016e479ee54222c0
Related Group - AZ,Scottsdale,AZ,,,https://relatedgroup.com/careers/,https://relatedgroup.com/careers/
The Rockefeller Group - PHX,Chandler,AZ,,,,https://rockefellergroup.wd5.myworkdayjobs.com/en-US/Rockefeller?source=Linkedin
Rummel Construction,Scottsdale,AZ,,,,https://rummelconstruction.applicantpro.com/jobs/
Walters & Wolf,Phoenix,AZ,,,,https://secure6.saashr.com/ta/6170053.careers?CareersSearch
STV - PHX,Phoenix,AZ,,,,https://stvinc.wd5.myworkdayjobs.com/stv
ZELUS,Phoenix,AZ,,,https://teamzelus.com/careers/,https://recruitingbypaycor.com/career/CareerHome.action?clientId=8a7883d08c7f5f9a018cdb1414b15865
TEPCON Construction,Phoenix,AZ,,,https://tepcon.com/careers/,https://tepcon.com/careers/
Transwestern - PHX,Phoenix,AZ,,,,https://transwestern.wd1.myworkdayjobs.com/TWCareers
Haydon,Phoenix,AZ,,,,https://us232.dayforcehcm.com/CandidatePortal/en-US/haydon/SITE/HAYDONCAREERS
Wood Partners LLC - AZ,Scottsdale,AZ,,,https://wood-partners.hrmdirect.com/employment/job-openings.php,https://wood-partners.hrmdirect.com/employment/job-openings.php?search=true&city=-1&state=-1&cust_sort1=-1
Park7 Group,Phoenix,AZ,,,,https://workforcenow.adp.com/mascsr/default/mdf/recruitment/recruitment.html?cid=0bed8028-6dda-4278-891c-17ff5b499ace&ccId=19000101_000001&lang=en_US
Schnitzer Properties,Tucson,AZ,,,,https://workforcenow.adp.com/mascsr/default/mdf/recruitment/recruitment.html?cid=266c5e1b-c139-4ab5-8e85-c048edae1a6c&ccId=19000101_000001&type=MP&lang=en_US
Vestar,Phoenix,AZ,,,,https://workforcenow.adp.com/mascsr/default/mdf/recruitment/recruitment.html?cid=7ae0942f-d6de-4ed2-a75d-f9df01d4c645&ccId=19000101_000001&lang=en_US
FCL Builders - AZ,Phoenix,AZ,,,,https://workforcenow.adp.com/mascsr/default/mdf/recruitment/recruitment.html?cid=afa743df-ea4e-4f68-a19d-e06a958b5c1c&ccId=19000101_000001&lang=en_US
VCC - AZ,Phoenix,AZ,,,,https://workforcenow.adp.com/mascsr/default/mdf/recruitment/recruitment.html?cid=f3ae50a2-13a7-4551-a7e8-7d167580d232&ccId=19442920_3204&type=JS&lang=en_US
Ames Construction,Phoenix,AZ,,,https://www.amesconstruction.com/career-listing-page,https://amesconstruction.wd12.myworkdayjobs.com/Ames
Wolff Company (RE Developer),Scottsdale,AZ,,,https://www.awolff.com/careers/,https://recruiting.paylocity.com/Recruiting/Jobs/All/7d7ee814-1ad9-48e9-b086-7b210c54379b/The-Wolff-Company
Bjerk Builders,Gilbert,AZ,,,https://www.bjerkbuilders.com/join-our-team/,https://www.bjerkbuilders.com/join-our-team/
Caliber,Scottsdale,AZ,,,https://www.caliberco.com/careers/,https://www.caliberco.com/careers/
Digital Building Components,Phoenix,AZ,,,https://www.digitalbuilding.com/careers,https://mydpr.wd5.myworkdayjobs.com/11212017
DPR Construction - AZ,Phoenix,AZ,,,https://www.dpr.com/company/careers/current-positions,https://mydpr.wd5.myworkdayjobs.com/11212017
Fore Property - AZ,Scottsdale,AZ,,,https://www.foreproperty.com/careers,https://workforcenow.adp.com/mascsr/default/mdf/recruitment/recruitment.html?cid=6541215b-a89c-4d9b-b1ac-310eb0078488&ccId=19000101_000001&type=MP&lang=en_US
GCON,Phoenix,AZ,,,https://www.gconinc.com/careers/,https://www.gconinc.com/careers/
Henderson Engineers,Phoenix,AZ,,,https://www.hendersonengineers.com/career-listing/,https://us241.dayforcehcm.com/CandidatePortal/en-US/hendersonco
ISEC - AZ,Mesa,AZ,,,https://www.isecinc.com/careers/job-openings/,https://us241.dayforcehcm.com/CandidatePortal/en-US/isec/
Kovach - Sub contractor,Phoenix,AZ,,,https://www.kovach.net/careers/open-positions/,https://secure3.entertimeonline.com/ta/PE20419.careers?CareersSearch&lnFrameset=1&HostedBy=www.kovach.smallgiantsonline.com
Mark-Taylor,Scottsdale,AZ,,,https://www.mark-taylor.com/view-current-opportunities,https://www.mark-taylor.com/view-current-opportunities
NexMetro Communities,Phoenix,AZ,,,https://www.nexmetro.com/careers-jobs.php,https://nexmetro-communities.breezy.hr
Okland Construction,Phoenix,AZ,,,https://www.okland.com/careers,https://secure6.saashr.com/ta/6165210.careers?CareersSearch
Critical Project Services - AZ,Phoenix,AZ,,,,https://www.paycomonline.net/v4/ats/web.php/jobs?clientkey=5109156B815B32CCAF9F5A76AD2008D3
RED Development,Phoenix,AZ,,,https://www.reddevelopment.com/careers/,https://www.reddevelopment.com/careers/
Weitz - AZ,Phoenix,AZ,,,https://www.weitz.com/careers/job-openings/,https://www.weitz.com/careers/job-openings/
Yamato Scales,Grafton,WI,,,https://www.yamatoamericas.com/about/careers/,https://recruiting.paylocity.com/recruiting/jobs/All/c0de929d-554c-4592-adf4-32243c2e380a/Yamato-Corporation
Wolter fka Wisconsin Lift Truck,Brookfield,WI,,,https://www.wolterinc.com/careers/,https://workforcenow.adp.com/mascsr/default/mdf/recruitment/recruitment.html?cid=8e7af0d4-c4b0-4f08-881b-da741bbcd6ba&ccId=19000101_000001&type=JS&lang=en_US
Weldall Mfg,Waukesha,WI,,,https://www.weldallmfg.com/company-profile/careers/,https://recruiting.paylocity.com/recruiting/jobs/All/2c402d63-a188-4bd4-8880-76387ab0e520/Weldall-Manufacturing-Inc
WAUKESHA ELECTRIC SYSTEMS,Waukesha,WI,,,https://www.waukeshatransformers.com/careers/,https://workforcenow.adp.com/mascsr/default/mdf/recruitment/recruitment.html?cid=4f2488ef-4bca-483d-b781-fe39c53a74c2&amp;ccId=19000101_000001&amp;lang=en_US
Trico,Pewaukee,WI,,,https://www.tricocorp.com/careers,https://recruiting.paylocity.com/recruiting/jobs/All/9597f2af-7cda-442f-b218-92af2288b160/Trico-Corporation
TraceAMatic Corporation,Brookfield,WI,,,https://www.traceamatic.com/careers/,https://recruiting.paylocity.com/Recruiting/Jobs/All/95ff24c1-6f76-47af-b559-bd8a06c6663d
TechniBlend,Waukesha,WI,,,https://www.techniblend.com/about/careers/,https://recruiting.ultipro.com/PRO1027PROMA/JobBoard/4f2e6cdb-74ae-4dd0-a40e-ad85f30f189c/?q=&o=postedDateDesc&w=&wc=&we=&wpst=
Steele Solutions,Franklin,WI,,,https://www.steelesolutions.com/careers/,https://workforcenow.adp.com/mascsr/default/mdf/recruitment/recruitment.html?cid=7682a5e2-666b-4f3e-bb96-41a6e6245e87&ccId=19000101_000001&type=JS&lang=en_US
Steel Craft,Hartford,WI,,,https://www.steelcraftwi.com/careers/,https://www.paycomonline.net/v4/ats/web.php/jobs?clientkey=42D70A7C07A757BB5767608E9F5633F5
Signicast Investment Castings,Hartford,WI,,,https://www.signicast.com/en/careers,https://us241.dayforcehcm.com/CandidatePortal/en-US/formtechnologies/Site/SIGNICAST
Rite-Hite - WI,Milwaukee,WI,,,https://www.ritehite.com/en/am/about-us/careers,https://ritehite.wd12.myworkdayjobs.com/RHH
Res Manufacturing Co,Milwaukee,WI,,,https://www.resmfg.com/careers/,https://www.resmfg.com/careers/
Price Engineering,Hartland,WI,,,https://www.priceeng.com/about-us/careers/,https://jobs.lever.co/sunsrce
Precision Plus,Elkhorn,WI,,,https://www.preplus.com/why-work-at-precision/,https://workforcenow.adp.com/mascsr/default/mdf/recruitment/recruitment.html?cid=b7b7c3e0-c577-4f38-b43e-c3b816deb150&ccId=19000101_000001&source=CC2&lang=en_US
"Plymouth Tube Co. -  East Troy, WI",East Troy,WI,,,https://www.plymouth.com/careers/,https://us241.dayforcehcm.com/CandidatePortal/en-US/Plymouth
Pivot Point,Hustisford,WI,,,https://www.pivotpins.com/join-our-team.html,https://pivotpins.isolvedhire.com/jobs/
Pindel Global Precision,New Berlin,WI,,,https://www.pindel.com/about-us/employment-opportunities/,https://recruiting.paylocity.com/recruiting/jobs/All/2a90c2e3-d522-4a74-88d3-c0c8b2704096/Pindel-Global-Precision-Inc
PFlow Industries,Milwaukee,WI,,,https://www.pflow.com/careers/,https://secure3.saashr.com/ta/6128029.careers?CareersSearch&ein_id=17404865
Permobil,New Berlin,WI,,,https://www.permobil.com/en-us/careers,https://permobil.csod.com/ux/ats/careersite/5/home?c=permobil
Perlick,Milwaukee,WI,,,https://www.perlick.com/careers/,https://recruiting2.ultipro.com/PER1025PERC/JobBoard/fc23e323-7848-4204-83a4-21b3780773c5/?q=&o=postedDateDesc
Capitol Stampings Corp,Milwaukee,WI,,,,https://www.paycomonline.net/v4/ats/web.php/jobs?clientkey=42D70A7C07A757BB5767608E9F5633F5&fromClientSide=true
Osborn,Milwaukee,WI,,,https://www.osborn.com/en-us/careers,https://www.paycomonline.net/v4/ats/web.php/jobs?clientkey=81DB8032976AEF60AAA89135BB028A85
Oerlikon,Saint Louis,MO,,,https://www.oerlikon.com/en/careers/,https://careers.oerlikon.com/search/?createNewAlert=false&q=&optionsFacetsDD_customfield1=&optionsFacetsDD_country=
Nordco Inc,Oak Creek,WI,,,https://www.nordco.com/Careers.htm,https://wabtec.wd1.myworkdayjobs.com/wabtec_careers?locations=35a355884b4e01edc9c932ae4f013859
NABCO Entrances,Muskego,WI,,,https://www.nabcoentrances.com/our-company/careers/,https://www.nabcoentrances.com/our-company/careers/
MTE,Menomonee Falls,WI,,,https://www.mtecorp.com/working-at-mte,https://recruiting.adp.com/srccar/public/RTI.home?c=2190731&d=ExternalCareerSite-MTECorporation
Modine Manufacturing Company,Racine,WI,,,https://www.modine.com/careers/,https://careers.modine.com/search/?createNewAlert=false&q=&optionsFacetsDD_facility=&optionsFacetsDD_customfield2=
Milsco Manufacturing,Milwaukee,WI,,,https://www.milsco.com/careers/,https://www.paycomonline.net/v4/ats/web.php/jobs?clientkey=F604A43320BE45D4B1247615C027580E
MetalTek International Inc,Waukesha,WI,,,https://www.metaltek.com/careers/,https://www.paycomonline.net/v4/ats/web.php/jobs?clientkey=BF6FE336601280C437608355A9DD0357&jpt=
Metal-Era Inc,Waukesha,WI,,,https://www.metalera.com/careers,https://workforcenow.adp.com/mascsr/default/mdf/recruitment/recruitment.html?cid=82d4484b-64ef-4ec3-9b94-b94fb62d023e&ccId=19000101_000001&lang=en_US&selectedMenuKey=CareerCenter
Maysteel Industries,Allenton,WI,,,https://www.maysteel.com/job-listings/,https://us241.dayforcehcm.com/CandidatePortal/en-US/maysteel?l=1
Matrix Packaging Machinery,Saukville,WI,,,https://www.matrixpm.com/about/careers/,https://recruiting.ultipro.com/PRO1027PROMA/JobBoard/4f2e6cdb-74ae-4dd0-a40e-ad85f30f189c/?q=&o=postedDateDesc&w=&wc=&we=&wpst=
Systems,Germantown,WI,,,https://www.loadingdocksystems.com/our-company/careers,https://chamberlain.wd1.myworkdayjobs.com/Systems_LLC
Poweramp,Germantown,WI,,,https://www.loadingdocksystems.com/careers,https://chamberlain.wd1.myworkdayjobs.com/Systems_LLC
LDV Inc,Burlington,WI,,,https://www.ldvjobs.com/,https://recruiting.paylocity.com/Recruiting/Jobs/All/70a9e899-ec4e-471d-b7ec-a43505f82a13/LDV-Inc
Kickhaefer Manufacturing (KMC),Port Washington,WI,,,https://www.kmc-mfg.com/careers/jobs/,https://www.kmc-mfg.com/careers/jobs/
Jorgensen Conveyors,Mequon,WI,,,https://www.jorgensenconveyors.com/company/careers/,https://www.jorgensenconveyors.com/company/careers/
Curt G Joa,Sheboygan Falls,WI,,,https://www.joa.com/careers/,https://us241.dayforcehcm.com/CandidatePortal/en-US/joa
R&B Grinding,Racine,WI,,,https://www.jecompanies.com/careers,https://jecompanies.isolvedhire.com/jobs/
In-Place Machining,Milwaukee,WI,,,*,https://www.inplace.com/about-us-portable-machining-services/careers/
IEA - Engendren's,Kenosha,WI,,,*,https://www.ieacooling.com/careers/
HyPro,Waterford,WI,,,https://www.hypro.com/careers/,https://workforcenow.adp.com/mascsr/default/mdf/recruitment/recruitment.html?cid=5b628e21-8fe6-4b7e-8d40-cd4f96a1084e&ccld=19000101_000001&type=MP&lang=en_US
"HTT, Inc.",Sheboygan,WI,,,*,https://www.htt-inc.com/careers/
Helwig Carbon Products,Milwaukee,WI,,,https://www.helwigcarbon.com/careers/,https://recruiting.paylocity.com/Recruiting/Jobs/All/72fecf73-8824-495e-bd63-b0b1f0c0a806/Helwig-Carbon-Products-Inc
Balax,North Lake,WI,,,https://www.gwstoolgroup.com/about-our-company/careers/,https://recruiting.paylocity.com/recruiting/jobs/All/233a647f-2d43-482d-a189-29407cb9055a/GWS-Tool-LLC?location=All%20Locations&department=All%20Departments
GWS - Carbide Tools Mfg,Menomonee Falls,WI,,,https://www.gwstoolgroup.com/about-our-company/careers/,https://recruiting.paylocity.com/recruiting/jobs/All/233a647f-2d43-482d-a189-29407cb9055a/GWS-Tool-LLC?location=All%20Locations&department=All%20Departments
Accurate Specialties,Waukesha,WI,,,https://www.fisherbarton.com/careers/,https://workforcenow.adp.com/mascsr/default/mdf/recruitment/recruitment.html?cid=7e04ed61-e902-48f2-8473-fcd6c45e1e70&ccId=19000101_000001&type=MP&lang=en_US
Federal Manufacturing,Waukesha,WI,,,https://www.federalmfg.com/about/careers/,https://recruiting.ultipro.com/PRO1027PROMA/JobBoard/4f2e6cdb-74ae-4dd0-a40e-ad85f30f189c/?q=&o=postedDateDesc&w=&wc=&we=&wpst=
Engineering Specialists,Brookfield,WI,,,https://www.engspec.com/careers/,https://www.engspec.com/open-positions/
Lakeside Manufacturing,Milwaukee,WI,,,https://www.elakeside.com/job-listings/,https://www.elakeside.com/job-listings/
Delta Hawk Engines,Racine,WI,,,*,https://www.deltahawk.com/careers/
Delta Defense LLC,West Bend,WI,,,https://www.deltadefense.com/careers/,https://recruiting2.ultipro.com/DEL1019DDLL/JobBoard/5a38633d-9fd5-48ee-9f8f-539de7dac65f/?q=&o=postedDateDesc&w=&wc=&we=&wpst=
Charter Wire,Milwaukee,WI,,,https://www.charterwire.com/about/careers,https://chartermfg.wd5.myworkdayjobs.com/Charter_Careers
Charter Steel,Saukville,WI,,,https://www.chartersteel.com/about/careers,https://chartermfg.wd5.myworkdayjobs.com/Charter_Careers
Charter Manufacturing Company Inc,Mequon,WI,,,https://www.chartermfg.com/work,https://chartermfg.wd5.myworkdayjobs.com/Charter_Careers
Weasler Engineering,West Bend,WI,,,https://www.centromotion.com/careers/?utm_source=WEASLERBUTTON,https://recruiting.paylocity.com/recruiting/jobs/All/9f376879-dff6-49df-ad68-b3bac754dd43/Weasler-Engineering-Inc
CentroMotion,Waukesha,WI,,,https://www.centromotion.com/careers/,https://recruiting.paylocity.com/Recruiting/Jobs/All/a1b86721-6e80-4513-b785-2520e3faf048
Carlisle Interconnect Technologies,Franklin,WI,,,https://www.carlisleit.com/careers/,https://recruiting.adp.com/srccar/public/RTI.home?_fromPublish=true&c=1218401&d=ExternalCareerSite-CIT#/
Brady Corporation,Milwaukee,WI,,,https://www.bradyid.com/corporate/careers,https://recruiting.adp.com/srccar/public/RTI.home?c=2175507&d=ExternalCareerSite
Bradley Corporation,Menomonee Falls,WI,,,https://www.bradleycorp.com/careers-and-culture,https://secure4.saashr.com/ta/6139720.careers?CareersSearch
Associated Spring,Milwaukee,WI,,,https://www.barnesgroupinc.com/careers/,https://recruiting.ultipro.com/BAR1005BGI/JobBoard/ff46b34e-c0ce-4e3c-adbb-8bf890b80d89/?q=&o=postedDateDesc&w=&wc=&we=&wpst=
ATI - Allegheny Technology,Cudahy,WI,,,https://www.atimaterials.com/careers,https://recruiting.adp.com/srccar/public/RTI.home?d=ATImaterials&c=1115641
Anderson Process,Brookfield,WI,,,https://www.andersonprocess.com/careers/,https://workforcenow.adp.com/mascsr/default/mdf/recruitment/recruitment.html?cid=14b3d954-c397-406e-8a5f-2d5dfa90bdd5&ccId=19000101_000001&lang=en_US&source=CC4&selectedMenuKey=CareerCenter
American State Equipment,Milwaukee,WI,,,*,https://www.amstate.com/careers/
Ampco Pumps Company,Glendale,WI,,,https://www.ampcopumps.com/careers/,https://ampcopumps.bamboohr.com/careers
Alter Trading (Miller Compressing),Milwaukee,WI,,,https://www.altertrading.com/#/work-for-alter,https://workforcenow.adp.com/mascsr/default/mdf/recruitment/recruitment.html?client=Altercorp&ccId=19000101_000001&cid=6d3d9132-a65e-46f2-a8d3-fc6f6ba41e4d&lang=en_US&source=CC2&selectedMenuKey=CurrentOpenings
Air Logic Power Systems LLC,Oak Creek,WI,,,https://www.alpsleak.com/careers,https://recruitingbypaycor.com/career/CareerHome.action?clientId=8a78826752446f9b0152467239890040
ACS Group,New Berlin,WI,,,*,https://www.acscorporate.com/#careers
Ace Precision Machining Corp.,Oconomowoc,WI,,,https://www.aceprecision.com/careers/,https://www.paycomonline.net/v4/ats/web.php/jobs?clientkey=C6BDEA3E5FFD28A2A877C3F620B5A9A5
ATACO Steel Products,Cedarburg,WI,,,,https://workforcenow.adp.com/mascsr/default/mdf/recruitment/recruitment.html?cid=9c3828e4-738e-405e-bb99-32dc83c5d2dc&ccId=19000101_000001&lang=en_US
PFERD North America,Milwaukee,WI,,,,https://workforcenow.adp.com/mascsr/default/mdf/recruitment/recruitment.html?cid=8c4b6958-bedc-49f7-b965-1c715c5aad92&ccId=19000101_000001&lang=en_US
Precision Gears,Pewaukee,WI,,,,https://workforcenow.adp.com/mascsr/default/mdf/recruitment/recruitment.html?cid=887f5b52-abcd-4731-9ee0-ced532545e98&ccId=9200091237306_2&lang=en_US
Pieper Automation,New Berlin,WI,,,,https://workforcenow.adp.com/mascsr/default/mdf/recruitment/recruitment.html?ccId=9200093324767_2&cid=0ed926f4-3d02-42b6-9264-4a7812a3eb2e&lang=en_US&type=JS
WISCONSIN STEEL & TUBE,Milwaukee,WI,,,*,https://wisteeltube.com/careers
Wilo USA,Cedarburg,WI,,,https://wilo.com/us/en_us/About-Wilo/Company-Information/Careers/,https://recruiting.paylocity.com/recruiting/jobs/All/525c07fe-7ab3-43c9-bb74-5b415e360f87/Wilo-EMU-USA-LLC
Weil Pump,Cedarburg,WI,,,https://wilo.com/us/en_us/About-Wilo/Company-Information/Careers/,https://recruiting.paylocity.com/recruiting/jobs/All/525c07fe-7ab3-43c9-bb74-5b415e360f87/Wilo-EMU-USA-LLC
Western Products,Milwaukee,WI,,,https://westernplows.com/employment/,https://www.douglasdynamics.com/careers/open-positions/western/
Wausau Equipment,New Berlin,WI,,,https://wausauequipment.com/careers/,https://recruiting.adp.com/srccar/public/RTI.home?c=1054041&d=WausauCareerCenter
R&B Wagner Companies,Milwaukee,WI,,,https://wagnercompanies.com/contact-us/careers/,https://wagnercompanies.com/about-us/careers
Vulcan GMS,Milwaukee,WI,,,https://vulcangms.com/careers-vulcan/,https://vulcangms.com/careers-vulcan/
Vorteq Coil Finishers,Oconomowoc,WI,,,*,https://vorteqcoil.isolvedhire.com/jobs/
Vollrath,Sheboygan,WI,,,https://vollrathcompany.com/careers/,https://recruiting2.ultipro.com/VOL1011VOLL/JobBoard/e142c41a-f095-494d-bc42-b7d3da36be37/?q=&o=postedDateDesc
Messer Cutting Systems Inc,Menomonee Falls,WI,,,https://us.messer-cutting.com/about-us/careers/,https://workforcenow.adp.com/mascsr/default/mdf/recruitment/recruitment.html?cid=fa0cc380-3e59-4311-be8d-1ac11eb8839b&ccId=19000101_000001&type=JS&lang=en_US
American Friction Welding Inc,Brookfield,WI,,,https://teamafw.com/careers/,https://recruiting.paylocity.com/recruiting/jobs/All/85e0660c-3513-4ae9-b171-db21446b9f5e/American-Friction-Welding-Inc
Styberg Engineering,Racine,WI,,,*,https://styberg.com/cnc-machining-jobs/
Server Products,Richfield,WI,,,https://server-products.com/Careers,https://workforcenow.adp.com/mascsr/default/mdf/recruitment/recruitment.html?cid=d49ee1f8-35cb-4a08-8f03-a32b1c21bfcc&ccId=19000101_000001
"Regal Ware, Inc.",West Bend,WI,,,https://regalware.com/careers/,https://recruiting2.ultipro.com/REG1005REWA/JobBoard/836eae01-8538-4cfa-8d47-a553f94013b0/?q=&o=postedDateDesc&w=&wc=&we=&wpst=
Wildeck,Waukesha,WI,,,,https://recruiting.adp.com/srccar/public/RTI.home?c=2176307&d=ExternalCareerSite
Vector Technologies,Milwaukee,WI,,,,https://recruiting.adp.com/srccar/public/RTI.home?c=2176307&d=ExternalCareerSite
Super Products,Mukwonago,WI,,,,https://recruiting.adp.com/srccar/public/RTI.home?c=1054041&d=SuperProductsCareerCenter
RCS Innovations,Milwaukee,WI,,,https://rcsinnovations.com/careers/,https://recruiting.paylocity.com/recruiting/jobs/All/6960a061-698b-4392-b639-44955e04ef22/RCS-Systems-Inc
QComp Technologies,Dousman,WI,,,https://qcomp.com/current-jobs/,https://workforcenow.adp.com/mascsr/default/mdf/recruitment/recruitment.html?cid=16e93aa5-b844-463e-9042-cae30d7376ce&ccId=9151467863636_3708&lang=en_US&selectedMenuKey=CurrentOpenings
Professional Power Products Inc,Darien,WI,,,https://psiengines.com/careers,https://www.paycomonline.net/v4/ats/web.php/jobs?clientkey=39DCF574C16448FF09ADD3EF809F9EF2
Power Test - WI HQ,Sussex,WI,,,https://powertestdyno.com/careers/,https://www.paycomonline.net/v4/ats/web.php/jobs?clientkey=2FE4BCB59B882E18AE6D1FB191915569
Pace Industries,Grafton,WI,,,https://paceind.com/careers/,https://pace.wd1.myworkdayjobs.com/Pace
Northern Gear,Franklin,WI,,,https://northerngear.com/join-our-team/,https://northerngear.isolvedhire.com/jobs/
MPE Inc,Milwaukee,WI,,,https://mpe-inc.com/about/careers,https://workforcenow.adp.com/mascsr/default/mdf/recruitment/recruitment.html?cid=8750f440-f62b-4070-a623-ac86d70adbc9&ccId=19000101_000001&lang=en_US&hsCtaTracking=c5c24d4f-4bd7-46f8-9ad8-a42d99abda15%7C788d3893-01ac-4416-b160-54d76d3831bb
Molded Dimensions,Port Washington,WI,,,https://moldedgroup.com/about/careers/,https://moldeddimensions.bamboohr.com/careers
MicroPrecision,Delavan,WI,,,https://micro-precision.com/apply-now,https://recruiting.paylocity.com/recruiting/jobs/All/559bd24e-f7b0-431a-9e01-4d415bf2500b/MicroPrecision
Motion & Control Enterprises - Milwaukee,Pewaukee,WI,,,https://mceautomation.com/about/careers/,https://mceautomation.applicantpro.com/jobs/
Machining Concepts,Germantown,WI,,,https://machiningconcepts.com/careers/,https://recruiting.paylocity.com/Recruiting/Jobs/All/cc255054-8bfe-4f20-b2d5-685a219f8028
Kapco Metal Stamping,Grafton,WI,,,https://kapcoinc.com/careers/,https://recruiting.ultipro.com/KAP1002KAPC/JobBoard/1e739e24-c237-44f3-9f7a-310b0cec4162/?q=&o=postedDateDesc
A. O. Smith Corporation,Milwaukee,WI,,,https://jobs.aosmith.com/,https://jobs.aosmith.com/search/?searchby=location&createNewAlert=false&q=&locationsearch=&geolocation=
Helgesen,Hartford,WI,,,https://helgesen.com/welding-careers-job-openings-milwaukee/,https://helgesen.com/career-opportunities/
Hayes Performance Systems,Mequon,WI,,,https://hayesperformance.com/careers/,https://recruitingbypaycor.com/career/CareerHome.action?clientId=8a7883d0838c33b10183ae69befc0b0e
GS Global Resources,Mukwonago,WI,,,https://gsglobalresources.com/careers/,https://recruiting.paylocity.com/recruiting/jobs/All/f2bec4af-ed98-49b9-b30b-205b87a12205/GS-Global-Resources-Inc
Grede Holdings LLC,Menomonee Falls,WI,,,https://grede.com/careers/,https://us241.dayforcehcm.com/CandidatePortal/en-US/grede
Glenroy,Menomonee Falls,WI,,,https://glenroy.com/about/careers/,https://recruiting2.ultipro.com/GLE1006GROY/JobBoard/51540425-f667-4a29-8dea-755c9d41b337/?q=&o=postedDateDesc
Capital Equipment & Handling,Hartland,WI,,,https://eqdepot.com/careers/,https://www.paycomonline.net/v4/ats/web.php/jobs?clientkey=B38E004F17E260CC9A2761B7F6E6221F
Dynatect Manufacturing - WI,New Berlin,WI,,,https://dynatect.com/careers/,https://recruiting.ultipro.com/DYN1003DYNAM/JobBoard/cd3b1cb6-80b2-4af7-8e53-91eb65003b45/?q=&o=postedDateDesc&w=&wc=&we=&wpst=
Dixon Sanitary,Pewaukee,WI,,,https://dixonvalve.com/en/about-dixon/careers,https://recruiting.ultipro.com/dvc1000/JobBoard/0242ab93-599e-ad02-de18-4ee7b0eb85e2/?q=&o=postedDateDesc
D&H Industries Inc,Oconomowoc,WI,,,https://dhmetalstamping.com/careers/,https://recruiting.paylocity.com/recruiting/jobs/All/95ff24c1-6f76-47af-b559-bd8a06c6663d/Trace-A-Matic-Corporation
Cleaver-Brooks Inc,Milwaukee,WI,,,https://cleaverbrooks.com/careers,https://recruiting.ultipro.com/CLE1005/JobBoard/cb250f0d-7f5e-4583-7b1f-d74442b2b8b8/?q=&o=postedDateDesc&w=&wc=&we=&wpst=
Cutting Edge Fabrication,Milwaukee,WI,,,https://cefabrication.com/careers/,https://recruiting.paylocity.com/Recruiting/Jobs/All/47670d83-4873-47ad-8b97-93bb7605205f
Sonoco Metal Packaging,Milwaukee,WI,,,https://careers.sonoco.com/,https://sonoco.wd1.myworkdayjobs.com/en-US/CorporateCareers
HUSCO International Inc.,Waukesha,WI,,,https://careers.husco.com/,https://workforcenow.adp.com/mascsr/default/mdf/recruitment/recruitment.html?cid=562ad1b1-8950-4d30-831c-5e0d165d3d28&ccId=19000101_000001&source=CC2&lang=en_US&selectedMenuKey=CurrentOpenings
Broan-NuTone LLC,Hartford,WI,,,https://bnt-com-prod-2019.azurewebsites.net/en-us/home/about/careers/open-positions,https://recruiting.ultipro.com/BRO1016BNT/JobBoard/ecb2d868-a88b-45fd-aef5-d293d62e5950/?q=&o=postedDateDesc
Blast Cleaning Technologies,New Berlin,WI,,,https://bct-us.com/bct-careers/,https://bctus.isolvedhire.com/jobs/
Arandell,Menomonee Falls,WI,,,*,https://arandell.com/careers/
Advanced Coatings,West Bend,WI,,,https://advcoatingsinc.com/careers,https://recruiting.ultipro.com/KAP1002KAPC/JobBoard/1b81eeee-ad6f-4990-8100-a7c7e62c5a72/?q=&o=postedDateDesc
American Bin & Conveyor LLC,Burlington,WI,,,http://americanconveyor.com/company/careers/,https://www.paycomonline.net/v4/ats/web.php/jobs?clientkey=8F7915254CA34CC642D47B9984B7B8A9
Akridge,Washington,DC,,,http://www.akridge.com/work-with-us#all,https://workforcenow.adp.com/mascsr/default/mdf/recruitment/recruitment.html?cid=be43e903-a90b-415c-b3df-e272bd862a5c&ccId=19000101_000001&lang=en_US
Alliance Residential DC,Washington,DC,,,https://allresco.com/careers/,https://recruiting2.ultipro.com/ALL1030ARLLC/JobBoard/0f77d25b-50b8-495d-84cb-21e450af04b6/?q=&o=postedDateDesc&w=&wc=&we=&wpst=
American Real Estate Partners (AREP),Washington,DC,,,https://americanrepartners.com/page/28/join-our-team,https://www2.appone.com/Search/Search.aspx?ServerVar=americanrealestatepartners.appone.com
Anning-Johnson Company (sub contractor),Washington,DC,,,https://anningjohnson.com/careers/,https://recruiting2.ultipro.com/ANS1004ANSI/JobBoard/32825356-937f-4c9a-9f67-3952e2757966/?q=&o=postedDateDesc&w=&wc=&we=&wpst=
Bainbridge Companies - DC,Washington,DC,,,https://bainbridgecompanies.com/careers/,https://recruiting.paylocity.com/recruiting/jobs/All/e412467e-857d-4baa-9585-72730835ae4a/The-Bainbridge-Companies
Baker Concrete,Washington,DC,,,https://bakerconcrete.com/careers/,https://bcecareers.com/bakerconstruction/search/?searchby=location&createNewAlert=false&q=&locationsearch=&geolocation=&optionsFacetsDD_title=
Bartley Corporation - Concrete,Washington,DC,,,https://bartleycorp.com/about/employment-opportunities/,https://bartleycorp.com/about/employment-opportunities/
Bell Partners Inc,Washington,DC,,,https://bellpartnersinc.com/careers/,https://bellpartnersinc.wd5.myworkdayjobs.com/Careers
Bonaventure Realty Group,Washington,DC,,,https://bonaventure.com/build-your-career/,https://workforcenow.adp.com/mascsr/default/mdf/recruitment/recruitment.html?cid=8fd158ba-f80a-4717-a564-8ffa2525706f&ccId=19000101_000001&lang=en_US
Corporate Office Properties Trust (COPT),Washington,DC,,,https://careers.copt.com/,https://recruiting.ultipro.com/COR1012COP/JobBoard/36e286e9-3982-4577-abc5-a64834ea7aa1/?q=&o=postedDateDesc&w=&wc=&we=&wpst=
Kinsley Construction - DC,Washington,DC,,,https://careers.kinsleyconstruction.com/openings/,https://kinsley.bamboohr.com/careers
Leidos - DC,Washington,DC,,,https://careers.leidos.com/,https://leidos.wd5.myworkdayjobs.com/en-US/External?redirect=/External/job/St-Thomas-US-Virgin-Islands/Field-Service-Technician-I_R-00139986/apply?bid=0&tid=x_60e00835-4171-4716-a36f-0b2bb02dcce3&source=Career+Marketing+Site
Colliers International - DC,Washington,DC,,,*,https://colliers.wd3.myworkdayjobs.com/Colliers-External-Career-Site
Corenic Construction,Washington,DC,,,https://corenic-cg.com/careers/,https://corenicconstructiongroup.applytojob.com/apply/jobs/
Critical Project Services,Washington,DC,,,https://cps-llc.com/careers/,https://otod111.rec.pro.ukg.net/CRI1500CRPS/JobBoard/1f4f343e-1292-4315-943d-8a1d6d0c9a7f/?q=&o=postedDateDesc
Cumming Corp - DC,Washington,DC,,,https://cumming-group.com/careers/,https://cumminggroup.wd1.myworkdayjobs.com/CGC
Dweck Properties,Washington,DC,,,https://dweckproperties.com/careers/,https://recruiting.paylocity.com/recruiting/jobs/All/1822288d-f0df-4dff-bebf-a1fda2a17cb6/Dweck-Properties-LTD
EDENS,Washington,DC,,,https://edens.com/careers/,https://recruiting.ultipro.com/ede1001/JobBoard/0f49cdc4-92f1-4fcc-cb9a-ba5fb6aaff64/?q=&o=postedDateDesc
Edifice Solutions,Washington,DC,,,*,https://edificesolutions.isolvedhire.com/jobs/
Elme Communities (WashREIT),Washington,DC,,,https://elmecommunities.com/careers/,https://recruiting.ultipro.com/WAS1005/JobBoard/9c462803-7f3b-9468-214c-5b725dbb7432/?q=&o=postedDateDesc
Gables Residential,Washington,DC,,,https://gables.wd5.myworkdayjobs.com/Gables_Careers,https://gables.wd5.myworkdayjobs.com/Gables_Careers
Silman,Washington,DC,,,https://gi.wd1.myworkdayjobs.com/en-US/Global_Infrastructure?hiringCompany=605c022e67d21001fe12fff3e49c0000,https://gi.wd1.myworkdayjobs.com/en-US/Global_Infrastructure?hiringCompany=605c022e67d21001fe12fff3e49c0000
HBW Construction,Washington,DC,,,https://hbwconstruction.com/careers/,https://hbwconstruction.applicantpro.com/jobs/
Host Hotels & Resorts,Washington,DC,,,https://hosthotels.wd5.myworkdayjobs.com/HostHotels,https://hosthotels.wd5.myworkdayjobs.com/HostHotels
JLL - DC,Washington,DC,,,https://jll.wd1.myworkdayjobs.com/jllcareers,https://jll.wd1.myworkdayjobs.com/jllcareers
WinnCompanies,Washington,DC,,,https://jobs.lever.co/winnco,https://jobs.lever.co/winnco
Kimco Realty,Washington,DC,,,https://kimcorealty.wd1.myworkdayjobs.com/KimcoCareers,https://kimcorealty.wd1.myworkdayjobs.com/KimcoCareers
L2 Construction Management,Washington,DC,,,https://l2cmc.com/careers,https://www.paycomonline.net/v4/ats/web.php/jobs?clientkey=ED05E0572A72FE8B004420C52EFDF3AA
Lendlease - DC,Washington,DC,,,https://lendlease.wd3.myworkdayjobs.com/lendleasecareers,https://lendlease.wd3.myworkdayjobs.com/lendleasecareers
Matos Builders LLC,Washington,DC,,,https://matosbuilders.bamboohr.com/careers,https://matosbuilders.bamboohr.com/careers
Mill Creek Residential Trust - DC,Washington,DC,,,https://millcreekplaces.com/careers/,https://mcrtrust.wd1.myworkdayjobs.com/Mill_Creek_Careers
Park Hotels & Resorts,Washington,DC,,,https://parkhotelsandresorts.wd1.myworkdayjobs.com/Careers,https://parkhotelsandresorts.wd1.myworkdayjobs.com/Careers
M.C. Dean - DC,Washington,DC,,,https://phg.tbe.taleo.net/phg04/ats/careers/v2/jobSearch?org=MCDEAN&cws=62,https://phg.tbe.taleo.net/phg04/ats/careers/v2/searchResults?org=MCDEAN&cws=62
Wagman Construction,Washington,DC,,,https://phh.tbe.taleo.net/phh03/ats/careers/v2/searchResults?org=WAGMAN&cws=37,https://phh.tbe.taleo.net/phh03/ats/careers/v2/searchResults?org=WAGMAN&cws=37
Plano-Coudon,Washington,DC,,,https://planocoudon.applicantpro.com/jobs/,https://planocoudon.applicantpro.com/jobs/
QTS Data Centers - DC,Washington,DC,,,https://qtsdatacenters.wd5.myworkdayjobs.com/qts,https://qtsdatacenters.wd5.myworkdayjobs.com/qts
Rand Construction - DC,Washington,DC,,,https://randcc.com/careers/,https://workforcenow.adp.com/mascsr/default/mdf/recruitment/recruitment.html?cid=0beaa32c-bc9a-4c6b-aa22-4d86ce22333e&ccId=19000101_000001&lang=en_US
Chesapeake Hospitality,Washington,DC,,,NA,https://recruiting.adp.com/srccar/public/RTI.home?c=2177507&d=Remington&_ga=2.180616303.951755107.1694802315-399207871.1694802315&_gl=1*1a9nr0t*_ga*Mzk5MjA3ODcxLjE2OTQ4MDIzMTU.*_ga_HQ3QGBQ4S9*MTY5NDgwMjMxNC4xLjEuMTY5NDgwMjY4NC42MC4wLjA.
Southern Management Corporation,Washington,DC,,,NA,https://recruiting.adp.com/srccar/public/RTI.home?d=External&c=1067941
Polinger,Washington,DC,,,NA,https://recruiting.paylocity.com/recruiting/jobs/All/105f0852-1e68-43d1-8922-f9d39bf4a30f/Polinger-Company
David S. Brown Enterprises,Washington,DC,,,NA,https://recruiting.paylocity.com/recruiting/jobs/All/2af53b4e-89f7-46a0-be6f-a33e86792a34/David-S-Brown-Enterprises
Warren Builds,Washington,DC,,,NA,https://recruiting.paylocity.com/recruiting/jobs/All/5819dc5b-32ce-4e72-98ba-9ed18653d91b/Warren-Brothers-Construction-LLC
Lewis Contractors,Washington,DC,,,NA,https://recruiting.paylocity.com/recruiting/jobs/All/63eac6e4-7bc9-4a95-b116-194107d3e36c/LEWIS-CONTRACTORS
Vantage Construction,Washington,DC,,,NA,https://recruiting.paylocity.com/recruiting/jobs/All/a3bb4d5f-e851-4b5e-894c-6e9d2b2139df/Vantage-Construction-Corp
Bernstein Companies,Washington,DC,,,NA,https://recruiting.ultipro.com/BER1017BERN/JobBoard/3dff0a69-c8a5-4690-8ca3-25dbac6bfb9c/?q=&o=postedDateDesc
The Poole and Kent,Washington,DC,,,NA,https://recruiting.ultipro.com/EMC1002EMCGI/JobBoard/cc563430-39f7-4c82-bdfe-62f295bd857a/?q=%22Poole+and+Kent%22&o=relevance&w=&wc=&we=&wpst=
Foulger-Pratt Contracting,Washington,DC,,,NA,https://recruiting.ultipro.com/FOU1006FOUPC/JobBoard/2e8aeab2-0a07-48a8-a322-9d686eff8aea/?q=&o=postedDateDesc
LCOR - DC,Washington,DC,,,NA,https://recruiting.ultipro.com/LCO1000LCRI/JobBoard/d3414b14-6a0b-4c01-8798-03433e4c4867/?q=&o=postedDateDesc&w=&wc=&we=&wpst=
Monday Properties Services,Washington,DC,,,NA,https://recruiting.ultipro.com/MON1017MPSL/JobBoard/be244150-9991-4916-b455-1455c86fb3a0/?q=&o=postedDateDesc
Hensel Phelps Construction - DC,Washington,DC,,,NA,https://recruiting2.ultipro.com/HEN1009HPCC/JobBoard/b27ab828-18a9-4f10-8ee1-8259de6c9e73/?q=&o=postedDateDesc
UDR - DC,Washington,DC,,,NA,https://recruiting2.ultipro.com/UNI1027UDRT/JobBoard/6ccb8fd4-4950-43e4-9978-4bcc85c6f5e1/?q=&o=postedDateDesc&w=&wc=&we=&wpst=
Iron Fish Construction,Washington,DC,,,NA,https://recruitingbypaycor.com/career/CareerHome.action?clientId=8a7883c673b552290173bfb9fdf50552
The Rockefeller Group,Washington,DC,,,NA,https://rockefellergroup.wd5.myworkdayjobs.com/en-US/Rockefeller?source=Linkedin
Rosenthal Properties,Washington,DC,,,https://rosenthalproperties.bamboohr.com/careers,https://rosenthalproperties.bamboohr.com/careers
"FOUR TRIBES CONSTRUCTION SERVICES, LLC",Washington,DC,,,NA,https://secure2.entertimeonline.com/ta/4Tribes.careers?CareersSearch
Middleburg Communities,Washington,DC,,,NA,https://secure6.saashr.com/ta/6181010.careers?CareersSearch
Transwestern - DC,Washington,DC,,,https://transwestern.com/careers,https://transwestern.wd1.myworkdayjobs.com/TWCareers
Transwestern - DC,Washington,DC,,,https://transwestern.com/careers,https://transwestern.wd1.myworkdayjobs.com/TWCareers
Ulliman Schutte Construction LLC,Washington,DC,,,https://ullimanschutte.bamboohr.com/careers,https://ullimanschutte.bamboohr.com/careers
Quarterra - DC,Washington,DC,,,NA,https://us231.dayforcehcm.com/CandidatePortal/en-US/quarterradayforce/
Paradigm Companies,Washington,DC,,,NA,https://us232.dayforcehcm.com/CandidatePortal/en-US/f305
RealTerm,Washington,DC,,,NA,https://us232.dayforcehcm.com/CandidatePortal/EN-US/Realterm/Site/Candidateportal
Regency Centers - DC,Washington,DC,,,NA,https://us232.dayforcehcm.com/CandidatePortal/en-US/regency
Vantage Data Centers - DC,Washington,DC,,,NA,https://vantagedc.wd1.myworkdayjobs.com/Vantage
Wiley & Wilson,Washington,DC,,,https://wileywilson.applicantpro.com/jobs/,https://wileywilson.applicantpro.com/jobs/
Windward Engineering & Consulting,Washington,DC,,,https://windwardec.com/careers/,https://recruiting.ultipro.com/NEL1004/JobBoard/fe3978bf-c8c7-49cb-b355-98e8e39be808/?q=&o=postedDateDesc
Digney York Associates LLC,Washington,DC,,,NA,https://workforcenow.adp.com/mascsr/default/mdf/recruitment/recruitment.html?ccId=9200422034719_2&cid=6ae707eb-b011-438c-a0b9-a53bb3f9a52b&lang=en_US&type=JS
MCN Build,Washington,DC,,,NA,https://workforcenow.adp.com/mascsr/default/mdf/recruitment/recruitment.html?cid=33719718-bd74-496b-9eb7-d8baee2c8ea7&ccId=19000101_000001&type=JS&lang=en_US
"Versar, Inc.",Washington,DC,,,NA,https://workforcenow.adp.com/mascsr/default/mdf/recruitment/recruitment.html?cid=77f1c5f3-df61-4649-affe-4ca5f56a0b5b&ccld=19000101_000001&type=MP&lang=en_US
Soltesz,Washington,DC,,,NA,https://workforcenow.adp.com/mascsr/default/mdf/recruitment/recruitment.html?cid=83dc9318-3388-4a8d-a7f8-86616a806a8b&ccId=19000101_000001&type=MP&lang=en_US
Hazen and Sawyer - Civil,Washington,DC,,,NA,https://workforcenow.adp.com/mascsr/default/mdf/recruitment/recruitment.html?cid=92597001-ac6f-4a45-92ec-13f78d7b2194&ccId=19000101_000001&type=MP&lang=en_US
FCL Builders - DC,Washington,DC,,,NA,https://workforcenow.adp.com/mascsr/default/mdf/recruitment/recruitment.html?cid=afa743df-ea4e-4f68-a19d-e06a958b5c1c&ccId=19000101_000001&lang=en_US
Hammes - DC,Washington,DC,,,NA,https://workforcenow.adp.com/mascsr/default/mdf/recruitment/recruitment.html?cid=ba73f182-7016-43c2-a03d-e5c8069284de&ccId=156984788_11265&type=MP&lang=en_US
Colt Builders,Washington,DC,,,NA,https://workforcenow.adp.com/mascsr/default/mdf/recruitment/recruitment.html?cid=bc381144-bd8a-4943-b3e6-f7fd6b6c18ab&ccId=19000101_000001&lang=en_US
Continental Realty,Washington,DC,,,NA,https://workforcenow.adp.com/mascsr/default/mdf/recruitment/recruitment.html?cid=ca7075c5-306b-43f4-ac35-ef1f578664aa&ccId=19000101_000001&type=JS&lang=en_US&selectedMenuKey=CurrentOpenings
AHC Inc.,Washington,DC,,,https://www.ahcinc.org/careers,https://workforcenow.adp.com/mascsr/default/mdf/recruitment/recruitment.html?cid=83f1b0de-f21b-46ff-814d-0ea72b3c29fa&ccId=19000101_000001&lang=en_US
Alexandria Real Estate - DC,Washington,DC,,,https://www.are.com/careers.html,https://phe.tbe.taleo.net/phe03/ats/careers/v2/searchResults?org=ALEXANDRIARE&cws=40
Bozzuto Management Company - DC,Washington,DC,,,https://www.bozzuto.com/careers/,https://bozzuto.csod.com/ux/ats/careersite/3/home?c=bozzuto&_gl=1*14h8apd*_gcl_au*NDI5MTgyNzg2LjE3MjE5Mjg5NzE.*FPAU*NDI5MTgyNzg2LjE3MjE5Mjg5NzE.*_ga*NjAyNjgyMjY1LjE3MjE5Mjg5NzI.*_ga_EGWTDX7Z6K*MTcyMTkyODk3MS4xLjAuMTcyMTkyODk3MS4wLjAuNTY5NzAyNDkz*_fplc*ZjFXMkJEWnVFVVd4cm4lMkJES1ZMQUQ3ZXdra2J5bjdVd3d6S1d2QSUyRnY2eGFkS1VEMk9oOFkweGdEcXd2YldES2NacUd4SERHcE5XOG85QU9NOFlqUWJ4MFVYJTJCWmk1MTluTTFUQmVSN0tFRFBrdTNqUUJna3VKaERpVVF2WGpRJTNEJTNE&_ga=2.265790667.558089062.1721928972-602682265.1721928972
Buccini/Pollin Group BPGS Construction BP Group,Washington,DC,,,https://www.bpgroup.net/careers/,https://workforcenow.adp.com/mascsr/default/mdf/recruitment/recruitment.html?cid=ad69ca57-f232-4c0f-aa66-87bc0783d4ea&ccId=19000101_000001&type=MP&lang=en_US
Brandywine Realty Trust - DC,Washington,DC,,,https://www.brandywinerealty.com/careers,https://workforcenow.adp.com/mascsr/default/mdf/recruitment/recruitment.html?cid=52a81fd7-bec0-415f-9f80-dac00182930f&ccId=19000101_000001&lang=en_US
C3M Power Systems LLC,Washington,DC,,,https://www.c3mpowersystems.com/careers,https://clark.wd5.myworkdayjobs.com/C3MExternal
Carmel Partners - DC,Washington,DC,,,https://www.carmelpartners.com/careers-at-carmel/,https://recruiting.ultipro.com/CAR1041/JobBoard/f19a3aa9-abdb-1b6d-46ec-d3e4716019ec/?q=&o=postedDateDesc
Carr Properties,Washington,DC,,,https://www.carrprop.com/careers/,https://www.paycomonline.net/v4/ats/web.php/jobs?clientkey=8D9BC96D3ED3FD3E76DB6663DFDA9A36
Chesapeake Contracting Group,Washington,DC,,,https://www.ccgmd.com/careers/,https://apply.workable.com/chesapeake-contracting-group/?lng=en
Christman Company,Washington,DC,,,https://www.christmanco.com/Careers,https://christmanco.applicantpro.com/jobmap/
Clark Nexsen,Washington,DC,,,https://www.clarknexsen.com/careers/,https://recruiting.ultipro.com/CLA1013CNEX/JobBoard/3abea3eb-db13-4d2a-b660-ab0455286483/?q=&o=postedDateDesc&w=&wc=&we=&wpst=
Crescent Communities - DC,Washington,DC,,,https://www.crescentcommunities.com/about-us/careers,https://recruiting.ultipro.com/CRE1011/JobBoard/df12e801-1887-999f-3777-33cc3b42dcd5/?q=&o=postedDateDesc
DR Horton - DC,Washington,DC,,,https://www.drhorton.com/careers,https://drhorton.taleo.net/careersection/2/jobsearch.ftl?lang=en
EC Build - DC,Washington,DC,,,https://www.ec-build.com/careers/,https://recruiting.paylocity.com/recruiting/jobs/All/e84fea8f-d8ae-4231-85f6-5647bbe4cbc6/ECBuild-LLC
Fairfield Residential,Washington,DC,,,https://www.fairfieldresidential.com/careers,https://ffres.wd1.myworkdayjobs.com/fairfieldcareers
Gensler,Washington,DC,,,https://www.gensler.com/careers,https://gensler.wd1.myworkdayjobs.com/genslercareers
Hanover Company - DC,Washington,DC,,,https://www.hanoverco.com/careers,https://phg.tbe.taleo.net/phg03/ats/careers/v2/searchResults?org=HANORSLI&cws=39
HITT Contracting  DC,Washington,DC,,,https://www.hitt.com/careers/,https://hitt.wd1.myworkdayjobs.com/HITT
Corman Kokosing Construction Company,Washington,DC,,,https://www.kokosing.biz/careers/,https://kokosing.wd5.myworkdayjobs.com/Kokosing_External_Career_Site
Limbach - DC,Washington,DC,,,https://www.limbachinc.com/careers/open-opportunities,https://www.limbachinc.com/careers/open-opportunities
Madison Marquette,Washington,DC,,,https://www.paycomonline.net/v4/ats/web.php/jobs?clientkey=603836151D4ED8D9CC6C8B6DCB2DBC7A,https://www.paycomonline.net/v4/ats/web.php/jobs?clientkey=603836151D4ED8D9CC6C8B6DCB2DBC7A
Pennoni - DC,Washington,DC,,,https://www.pennoni.com/careers/,https://recruiting.adp.com/srccar/public/RTI.home?c=1179015&d=ExternalCareerSite
Prologis - DC (Duke Realty),Washington,DC,,,https://www.prologis.com/who-we-are/careers,https://prologis.wd5.myworkdayjobs.com/Prologis_External_Careers
Turner Construction,Washington,DC,,,https://www.turnerconstruction.com/careers,https://turnerconstruction.csod.com/ux/ats/careersite/3/home?c=turnerconstruction#/